# Belize transact 2, nighttime
#gunshotNum,timeUTC,gpsN,gpsW,direction
13,01:14,17.16218,-88.85272,W
14,01:15,17.16218,-88.85272,E
15,01:27,17.15905,-88.85144,W
16,01:29,17.15905,-88.85144,E
17,01:39,17.15943,-88.85413,W
18,01:40,17.15943,-88.85413,E
19,01:44,17.15703,-88.85333,W
20,01:45,17.15703,-88.85333,E